{"options":{"check_for_updates":false,"comment":null,"compatopts_for_requires":true,"compat_wrappedjsobject":false,"compat_metadata":false,"compat_foreach":false,"compat_prototypes":false,"noframes":null,"run_at":null,"override":{"use_includes":[],"orig_includes":["https://lk.neural-university.ru/admin/*"],"merge_includes":true,"use_matches":[],"orig_matches":["https://lk.neural-university.ru/admin/app/homeworkresult/list"],"merge_matches":true,"use_excludes":[],"orig_excludes":[],"merge_excludes":true,"use_connects":[],"merge_connects":true,"use_blockers":[],"orig_run_at":"document-end","orig_noframes":null,"orig_connects":[]}},"settings":{"enabled":true,"position":2},"meta":{"name":"Admin","uuid":"b43b9354-ae2d-4ad5-9c08-82351c3e1512","modified":1638228548624}}