{"options":{"check_for_updates":false,"comment":null,"compatopts_for_requires":true,"compat_wrappedjsobject":false,"compat_metadata":false,"compat_foreach":false,"compat_prototypes":false,"noframes":null,"run_at":null,"override":{"merge_connects":true,"merge_excludes":true,"merge_includes":true,"merge_matches":true,"orig_connects":[],"orig_excludes":[],"orig_includes":["https://lk.neural-university.ru/admin/*"],"orig_matches":["https://lk.neural-university.ru/admin/app/homeworkresult/list"],"orig_noframes":null,"orig_run_at":"document-end","use_blockers":[],"use_connects":[],"use_excludes":[],"use_includes":[],"use_matches":[]}},"settings":{"enabled":true,"position":1},"meta":{"name":"Admin","uuid":"b43b9354-ae2d-4ad5-9c08-82351c3e1512","modified":1638619023276,"file_url":"https://github.com//idel28102001/LKuniversity/raw/main/Admin.user.js"}}