{"options":{"check_for_updates":true,"comment":null,"compatopts_for_requires":true,"compat_wrappedjsobject":false,"compat_metadata":false,"compat_foreach":false,"compat_prototypes":false,"noframes":null,"run_at":null,"override":{"merge_connects":true,"merge_excludes":true,"merge_includes":true,"merge_matches":true,"orig_connects":[],"orig_excludes":[],"orig_includes":[],"orig_matches":["https://lk.neural-university.ru/admin/app/user/join_to_rc_room"],"orig_noframes":null,"orig_run_at":"document-end","use_blockers":[],"use_connects":[],"use_excludes":[],"use_includes":[],"use_matches":[]}},"settings":{"enabled":true,"position":4},"meta":{"name":"Admin-extra","uuid":"d47204b3-a233-41d2-902d-7908e7d0fd06","modified":1638619023772,"file_url":"https://github.com/idel28102001/LKuniversity/raw/main/Admin-extra.user.js"}}