{"options":{"check_for_updates":false,"comment":null,"compatopts_for_requires":true,"compat_wrappedjsobject":false,"compat_metadata":false,"compat_foreach":false,"compat_prototypes":false,"noframes":null,"run_at":null,"override":{"use_includes":[],"orig_includes":["https://chat.neural-university.ru/*"],"merge_includes":true,"use_matches":[],"orig_matches":["https://chat.neural-university.ru/home"],"merge_matches":true,"use_excludes":[],"orig_excludes":[],"merge_excludes":true,"use_connects":[],"merge_connects":true,"use_blockers":[],"orig_run_at":"document-end","orig_noframes":null}},"settings":{"enabled":true,"position":3},"meta":{"name":"Chats","uuid":"9ed3321f-e359-4eb0-bed0-5de59b1b3aab","modified":1638192742370}}