{"options":{"check_for_updates":false,"comment":null,"compatopts_for_requires":true,"compat_wrappedjsobject":false,"compat_metadata":false,"compat_foreach":false,"compat_prototypes":false,"noframes":null,"run_at":null,"override":{"merge_connects":true,"merge_excludes":true,"merge_includes":true,"merge_matches":true,"orig_connects":[],"orig_excludes":["https://lk.neural-university.ru/admin/*"],"orig_includes":["https://lk.neural-university.ru/*"],"orig_matches":["https://lk.neural-university.ru/profile/29245","https://lk.neural-university.ru/chats"],"orig_noframes":null,"orig_run_at":"document-end","use_blockers":[],"use_connects":[],"use_excludes":[],"use_includes":[],"use_matches":[]}},"settings":{"enabled":true,"position":1},"meta":{"name":"Main Page","uuid":"1a18feb2-8f36-4013-ac6a-7a7e991b4b9f","modified":1638292171133}}