{"options":{"check_for_updates":true,"comment":null,"compatopts_for_requires":true,"compat_wrappedjsobject":false,"compat_metadata":false,"compat_foreach":false,"compat_prototypes":false,"noframes":null,"run_at":null,"override":{"use_includes":[],"orig_includes":["https://lk.neural-university.ru/*"],"merge_includes":true,"use_matches":[],"orig_matches":["https://lk.neural-university.ru/profile/29245","https://lk.neural-university.ru/chats"],"merge_matches":true,"use_excludes":[],"orig_excludes":["https://lk.neural-university.ru/admin/*"],"merge_excludes":true,"use_connects":[],"merge_connects":true,"use_blockers":[],"orig_run_at":"document-end","orig_noframes":null,"orig_connects":[]}},"settings":{"enabled":true,"position":5},"meta":{"name":"Main-Page","uuid":"b30531ef-7960-4c6c-bc8b-fcd18ff9a93d","modified":1638619024323,"file_url":"https://github.com/idel28102001/LKuniversity/raw/main/Main-Page.user.js"}}