{"options":{"check_for_updates":false,"comment":null,"compatopts_for_requires":true,"compat_wrappedjsobject":false,"compat_metadata":false,"compat_foreach":false,"compat_prototypes":false,"noframes":null,"run_at":null,"override":{"use_includes":[],"orig_includes":["https://lk.neural-university.ru/*"],"merge_includes":true,"use_matches":[],"orig_matches":["https://lk.neural-university.ru/profile/29245","https://lk.neural-university.ru/chats"],"merge_matches":true,"use_excludes":[],"orig_excludes":["https://lk.neural-university.ru/admin/*"],"merge_excludes":true,"use_connects":[],"merge_connects":true,"use_blockers":[],"orig_run_at":"document-end","orig_noframes":null}},"settings":{"enabled":true,"position":1},"meta":{"name":"Main Page","uuid":"1a18feb2-8f36-4013-ac6a-7a7e991b4b9f","modified":1638139335634}}